fips_code,State_name,County.x,report_date,cases_per_100K_7_day_count_change,percent_uninsured_2019,poverty_rate_2019,percent_uninsured_2019_US_avg,poverty_rate_2019_US_avg,total_population_2019,Percentile_Covid,Date,StateName,StateAbbr,County.y,Series_Complete_12PlusPop_Pct,Administered_Dose1_Recip_12PlusPop_Pct,Percentile_Vax,US_Series_Complete_12PlusPop_Pct_Natl_Avg
01001,Alabama,Autauga County,2022-04-01,85.92,7.1,15.4,9.2,10.5,55869,0.0943806271344303,2022-04-01,Alabama,AL,Autauga County,50.4,63.3,0.26604973973395024,74
01005,Alabama,Barbour County,2022-04-01,721.06,11.2,28.9,9.2,10.5,24686,0.0034150884818379386,2022-04-01,Alabama,AL,Barbour County,51.2,62.9,0.2894736842105263,74
01011,Alabama,Bullock County,2022-04-01,198,10.8,31.4,9.2,10.5,10101,0.021421918658801616,2022-04-01,Alabama,AL,Bullock County,60.6,76.3,0.5422209369577791,74
01021,Alabama,Chilton County,2022-04-01,119.29,14.2,18.6,9.2,10.5,44428,0.055262340887923006,2022-04-01,Alabama,AL,Chilton County,42.3,51.4,0.08704453441295547,74
01031,Alabama,Coffee County,2022-04-01,406.94,10.1,15.1,9.2,10.5,52342,0.00776156473144986,2022-04-01,Alabama,AL,Coffee County,54.8,68.1,0.3883747831116252,74
01045,Alabama,Dale County,2022-04-01,728.06,11.4,18.4,9.2,10.5,49172,0.003104625892579944,2022-04-01,Alabama,AL,Dale County,55.7,66.3,0.4141122035858878,74
01051,Alabama,Elmore County,2022-04-01,93.59,8.2,12.3,9.2,10.5,81209,0.08072027320707854,2022-04-01,Alabama,AL,Elmore County,53.3,66,0.34470792365529207,74
01061,Alabama,Geneva County,2022-04-01,658.52,13.7,24,9.2,10.5,26271,0.0040360136603539275,2022-04-01,Alabama,AL,Geneva County,46.5,55.9,0.1607865818392134,74
01067,Alabama,Henry County,2022-04-01,697.47,11.4,13.5,9.2,10.5,17205,0.003725551071095933,2022-04-01,Alabama,AL,Henry County,51.5,62,0.2958357432041643,74
01069,Alabama,Houston County,2022-04-01,601.61,10.4,18.3,9.2,10.5,105882,0.0046569388388699165,2022-04-01,Alabama,AL,Houston County,50,59.6,0.2541931752458068,74
01075,Alabama,Lamar County,2022-04-01,86.93,9.4,21.2,9.2,10.5,13805,0.09282831418814033,2022-04-01,Alabama,AL,Lamar County,50.4,58.4,0.26604973973395024,74
01093,Alabama,Marion County,2022-04-01,148.1,10.5,17.5,9.2,10.5,29709,0.038186898478733314,2022-04-01,Alabama,AL,Marion County,41.6,48.7,0.0766338924233661,74
01109,Alabama,Pike County,2022-04-01,111.74,9.6,26.6,9.2,10.5,33114,0.0611611300838249,2022-04-01,Alabama,AL,Pike County,47.2,56.9,0.17582417582417584,74
01127,Alabama,Walker County,2022-04-01,92.88,11,19.7,9.2,10.5,63521,0.08134119838559453,2022-04-01,Alabama,AL,Walker County,54.7,65.3,0.3843262001156738,74
02020,Alaska,Anchorage Muny,2022-04-01,174.31,12.2,9.2,9.2,10.5,288000,0.025147469729897547,2022-04-01,Alaska,AK,Anchorage Muny,76.9,86.2,0.8311162521688837,74
02050,Alaska,Bethel CA,2022-04-01,337.21,20.7,27.8,9.2,10.5,18386,0.010866190624029805,2022-04-01,Alaska,AK,Bethel CA,81,85.9,0.8658183921341817,74
02070,Alaska,Dillingham CA,2022-04-01,1851.1,22.4,17.2,9.2,10.5,4916,3.104625892579944e-4,2022-04-01,Alaska,AK,Dillingham CA,63.5,69,0.6223250433776749,74
02110,Alaska,Juneau Cty&Bor,2022-04-01,259.59,11.1,7.9,9.2,10.5,31974,0.01552312946289972,2022-04-01,Alaska,AK,Juneau Cty&Bor,84.8,91.6,0.8877964141122036,74
02122,Alaska,Kenai Peninsula Borough,2022-04-01,194.18,17.2,12,9.2,10.5,58708,0.02173238124805961,2022-04-01,Alaska,AK,Kenai Peninsula Borough,55.1,60.8,0.39444765760555234,74
02130,Alaska,Ketchikan Gateway Borough,2022-04-01,143.87,13.2,10.5,9.2,10.5,13901,0.040670599192797266,2022-04-01,Alaska,AK,Ketchikan Gateway Borough,74,80.6,0.8007518796992481,74
02150,Alaska,Kodiak Island Borough,2022-04-01,84.63,20.3,9.3,9.2,10.5,12998,0.09779571561626824,2022-04-01,Alaska,AK,Kodiak Island Borough,75.6,83.2,0.8186813186813187,74
02158,Alaska,Kusilvak Census Area,2022-04-01,120.28,21.1,40.5,9.2,10.5,8314,0.05402049053089103,2022-04-01,Alaska,AK,Kusilvak Census Area,86.7,91.5,0.8990746096009254,74
02164,Alaska,Lake and Peninsula Borough,2022-04-01,753.77,31.6,15.9,9.2,10.5,1592,0.0027941633033219497,2022-04-01,Alaska,AK,Lake and Peninsula Borough,66.6,71.7,0.6966454598033546,74
02180,Alaska,Nome CA,2022-04-01,1009.6,22.5,23.1,9.2,10.5,10004,0.0018627755355479665,2022-04-01,Alaska,AK,Nome CA,85.3,88.2,0.8915558126084442,74
02185,Alaska,North Slope Borough,2022-04-01,315.3,20.8,9.3,9.2,10.5,9832,0.011487115802545793,2022-04-01,Alaska,AK,North Slope Borough,45.3,48.3,0.13851937536148062,74
02188,Alaska,Northwest Arctic Borough,2022-04-01,1089.1,27.6,25.1,9.2,10.5,7621,0.001552312946289972,2022-04-01,Alaska,AK,Northwest Arctic Borough,75.6,79.4,0.8186813186813187,74
02220,Alaska,Sitka Cty&Bor,2022-04-01,306.13,18.3,7.5,9.2,10.5,8493,0.012108040981061783,2022-04-01,Alaska,AK,Sitka Cty&Bor,87,92.7,0.8999421631000578,74
02275,Alaska,Wrangell Cty&Bor,2022-04-01,1358.91,15,7.8,9.2,10.5,2502,6.209251785159888e-4,2022-04-01,Alaska,AK,Wrangell Cty&Bor,64.7,67.9,0.6515326778484674,74
04013,Arizona,Maricopa County,2022-04-01,184.62,11.1,14.7,9.2,10.5,4485414,0.02328469419434958,2022-04-01,Arizona,AZ,Maricopa County,65,75.7,0.6596298438403702,74
04021,Arizona,Pinal County,2022-04-01,151.91,8.8,14.2,9.2,10.5,462789,0.03632412294318535,2022-04-01,Arizona,AZ,Pinal County,60.6,70.1,0.5422209369577791,74
05035,Arkansas,Crittenden County,2022-04-01,102.18,9.1,22.2,9.2,10.5,47955,0.06861223222601677,2022-04-01,Arkansas,AR,Crittenden County,53.1,64.4,0.33863504916136494,74
05067,Arkansas,Jackson County,2022-04-01,89.72,8.1,23.3,9.2,10.5,16719,0.08723998758149643,2022-04-01,Arkansas,AR,Jackson County,44.1,51.3,0.11538461538461539,74
06019,California,Fresno County,2022-04-01,127.31,9.5,24.1,9.2,10.5,999101,0.05091586463831108,2022-04-01,California,CA,Fresno County,71.8,80,0.7776171197223829,74
06053,California,Monterey County,2022-04-01,102.75,11.2,14.1,9.2,10.5,434061,0.06768084445824278,2022-04-01,California,CA,Monterey County,82.6,92.3,0.8753614806246385,74
06075,California,San Francisco County,2022-04-01,99.6,4.4,10.9,9.2,10.5,881549,0.07171685811859671,2022-04-01,California,CA,San Francisco County,87.7,95,0.9031231925968768,74
08113,Colorado,San Miguel County,2022-04-01,146.72,8,8.9,9.2,10.5,8179,0.03849736106799131,2022-04-01,Colorado,CO,San Miguel County,89.3,95,0.9089068825910931,74
09001,Connecticut,Fairfield County,2022-04-01,117.03,8.7,8.8,9.2,10.5,943332,0.05805650419124495,2022-04-01,Connecticut,CT,Fairfield County,89.4,95,0.9091960670908039,74
12059,Florida,Holmes County,2022-04-01,127.44,18.9,25.6,9.2,10.5,19617,0.05060540204905309,2022-04-01,Florida,FL,Holmes County,33.7,40.6,0.016483516483516484,74
12063,Florida,Jackson County,2022-04-01,116.34,11.3,20.6,9.2,10.5,46414,0.05867742936976095,2022-04-01,Florida,FL,Jackson County,48.8,58.1,0.2183342972816657,74
12086,Florida,Miami-Dade County,2022-04-01,92.79,18.1,18,9.2,10.5,2716940,0.08165166097485253,2022-04-01,Florida,FL,Miami-Dade County,95,95,0.91844997108155,74
12133,Florida,Washington County,2022-04-01,90.29,12.8,22.4,9.2,10.5,25473,0.08568767463520646,2022-04-01,Florida,FL,Washington County,37,44.8,0.028629265471370735,74
13015,Georgia,Bartow County,2022-04-01,102.1,14.8,13.2,9.2,10.5,107738,0.06892269481527476,2022-04-01,Georgia,GA,Bartow County,43.3,49.2,0.10237131289762869,74
13039,Georgia,Camden County,2022-04-01,150,11.7,12.9,9.2,10.5,54666,0.03725551071095933,2022-04-01,Georgia,GA,Camden County,66.7,77.4,0.6983805668016194,74
13043,Georgia,Candler County,2022-04-01,203.65,21,32.8,9.2,10.5,10803,0.020800993480285624,2022-04-01,Georgia,GA,Candler County,49.4,56.3,0.23366107576633893,74
13047,Georgia,Catoosa County,2022-04-01,113.94,12,9.8,9.2,10.5,67580,0.05991927972679292,2022-04-01,Georgia,GA,Catoosa County,50.3,58.8,0.2631578947368421,74
13053,Georgia,Chattahoochee County,2022-04-01,2759.7,6.4,16.8,9.2,10.5,10907,0,2022-04-01,Georgia,GA,Chattahoochee County,95,95,0.91844997108155,74
13055,Georgia,Chattooga County,2022-04-01,92.78,15.4,19.9,9.2,10.5,24789,0.08196212356411052,2022-04-01,Georgia,GA,Chattooga County,44.1,49.9,0.11538461538461539,74
13061,Georgia,Clay County,2022-04-01,352.86,23.6,41.1,9.2,10.5,2834,0.010245265445513815,2022-04-01,Georgia,GA,Clay County,70.7,82,0.7620011567379988,74
13063,Georgia,Clayton County,2022-04-01,151.58,19.2,20,9.2,10.5,292256,0.036634585532443344,2022-04-01,Georgia,GA,Clayton County,51.8,60.7,0.30364372469635625,74
13067,Georgia,Cobb County,2022-04-01,395.85,13,10,9.2,10.5,760141,0.008692952499223843,2022-04-01,Georgia,GA,Cobb County,66.2,75.6,0.6882591093117408,74
13083,Georgia,Dade County,2022-04-01,173.74,12.4,15.1,9.2,10.5,16116,0.025768394908413535,2022-04-01,Georgia,GA,Dade County,50.8,63.1,0.2776171197223829,74
13089,Georgia,DeKalb County,2022-04-01,399.58,14.8,16.6,9.2,10.5,759297,0.008382489909965849,2022-04-01,Georgia,GA,DeKalb County,64.2,73.9,0.6376518218623481,74
13099,Georgia,Early County,2022-04-01,117.76,15.7,28.8,9.2,10.5,10190,0.056814653834212976,2022-04-01,Georgia,GA,Early County,57.6,63.9,0.46703296703296704,74
13109,Georgia,Evans County,2022-04-01,159.56,16.8,27.3,9.2,10.5,10654,0.03104625892579944,2022-04-01,Georgia,GA,Evans County,48.2,55.4,0.2032967032967033,74
13113,Georgia,Fayette County,2022-04-01,164.31,7.3,5.6,9.2,10.5,114421,0.028562558211735485,2022-04-01,Georgia,GA,Fayette County,69.9,78.5,0.7515905147484094,74
13121,Georgia,Fulton County,2022-04-01,261.39,11,15.1,9.2,10.5,1063937,0.015212666873641726,2022-04-01,Georgia,GA,Fulton County,63.2,72.4,0.6122035858877964,74
13129,Georgia,Gordon County,2022-04-01,224.28,16.2,20,9.2,10.5,57963,0.018627755355479666,2022-04-01,Georgia,GA,Gordon County,43.6,49.5,0.1064198958935801,74
13135,Georgia,Gwinnett County,2022-04-01,135.01,17,11.4,9.2,10.5,936250,0.046258925799441165,2022-04-01,Georgia,GA,Gwinnett County,64.1,72.7,0.63475997686524,74
13217,Georgia,Newton County,2022-04-01,94.86,12.3,17.9,9.2,10.5,111744,0.07792610990375659,2022-04-01,Georgia,GA,Newton County,49,56.5,0.22440717177559283,74
13229,Georgia,Pierce County,2022-04-01,87.34,16.5,21.7,9.2,10.5,19465,0.09189692642036634,2022-04-01,Georgia,GA,Pierce County,39.4,45.8,0.05002891844997108,74
13239,Georgia,Quitman County,2022-04-01,608.96,21.8,22.7,9.2,10.5,2299,0.004346476249611922,2022-04-01,Georgia,GA,Quitman County,36.4,44.1,0.02371312897628687,74
13247,Georgia,Rockdale County,2022-04-01,146.32,13.6,15.2,9.2,10.5,90896,0.039118286246507296,2022-04-01,Georgia,GA,Rockdale County,57.9,66.1,0.473395026026605,74
13251,Georgia,Screven County,2022-04-01,157.53,14.1,22.3,9.2,10.5,13966,0.03290903446134741,2022-04-01,Georgia,GA,Screven County,55.5,61.9,0.407460960092539,74
13259,Georgia,Stewart County,2022-04-01,483.31,16.4,37,9.2,10.5,6621,0.005588326606643899,2022-04-01,Georgia,GA,Stewart County,34.7,39.4,0.018796992481203006,74
13295,Georgia,Walker County,2022-04-01,131.88,13.2,17.7,9.2,10.5,69761,0.04843216392424713,2022-04-01,Georgia,GA,Walker County,47.2,56.4,0.17582417582417584,74
16009,Idaho,Benewah County,2022-04-01,107.55,12.7,16.7,9.2,10.5,9298,0.06488668115492083,2022-04-01,Idaho,ID,Benewah County,59.2,70,0.5060728744939271,74
17019,Illinois,Champaign County,2022-04-01,162.14,4.8,20.9,9.2,10.5,209689,0.029804408568767465,2022-04-01,Illinois,IL,Champaign County,70.6,78.3,0.7608444187391555,74
17027,Illinois,Clinton County,2022-04-01,159.74,4.8,9,9.2,10.5,37562,0.030735796336541447,2022-04-01,Illinois,IL,Clinton County,67.5,74.1,0.7142857142857143,74
17045,Illinois,Edgar County,2022-04-01,168.99,5.5,12.3,9.2,10.5,17161,0.02607885749767153,2022-04-01,Illinois,IL,Edgar County,54.7,60.8,0.3843262001156738,74
17049,Illinois,Effingham County,2022-04-01,85.27,5.4,11.6,9.2,10.5,34008,0.09562247749146228,2022-04-01,Illinois,IL,Effingham County,57,61.9,0.4517061885482938,74
17081,Illinois,Jefferson County,2022-04-01,159.22,5.7,18.4,9.2,10.5,37684,0.03166718410431543,2022-04-01,Illinois,IL,Jefferson County,54.2,60.4,0.37391555812608446,74
18045,Indiana,Fountain County,2022-04-01,91.77,9.2,11.8,9.2,10.5,16346,0.0832039739211425,2022-04-01,Indiana,IN,Fountain County,53.8,59.4,0.36119144013880855,74
23003,Maine,Aroostook County,2022-04-01,178.96,9,17.2,9.2,10.5,67055,0.024216081962123565,2022-04-01,Maine,ME,Aroostook County,75.4,81.7,0.816657027183343,74
23009,Maine,Hancock County,2022-04-01,100.02,11.5,11.2,9.2,10.5,54987,0.07109593294008072,2022-04-01,Maine,ME,Hancock County,82.7,92.9,0.8768074031231926,74
23011,Maine,Kennebec County,2022-04-01,165.16,6.5,13.3,9.2,10.5,122302,0.02825209562247749,2022-04-01,Maine,ME,Kennebec County,78.5,88.6,0.8467322151532678,74
23013,Maine,Knox County,2022-04-01,125.72,10.5,10.9,9.2,10.5,39772,0.05122632722756908,2022-04-01,Maine,ME,Knox County,90,95,0.910641989589358,74
23015,Maine,Lincoln County,2022-04-01,98.17,10.3,12,9.2,10.5,34634,0.07389009624340268,2022-04-01,Maine,ME,Lincoln County,87,95,0.8999421631000578,74
23017,Maine,Oxford County,2022-04-01,139.72,10.1,15.9,9.2,10.5,57975,0.043154299906861225,2022-04-01,Maine,ME,Oxford County,74.2,85.4,0.8016194331983806,74
23019,Maine,Penobscot County,2022-04-01,105.16,9.5,15.7,9.2,10.5,152148,0.0664389941012108,2022-04-01,Maine,ME,Penobscot County,77.2,86,0.8351648351648352,74
23023,Maine,Sagadahoc County,2022-04-01,119.92,7,9.8,9.2,10.5,35856,0.054330953120149024,2022-04-01,Maine,ME,Sagadahoc County,86.5,94.2,0.898207056101793,74
23025,Maine,Somerset County,2022-04-01,146.58,10.4,19.3,9.2,10.5,50484,0.0388078236572493,2022-04-01,Maine,ME,Somerset County,68,74.8,0.7226720647773279,74
23029,Maine,Washington County,2022-04-01,111.54,12.3,18.5,9.2,10.5,31379,0.061471592673082893,2022-04-01,Maine,ME,Washington County,79.4,89.4,0.8522267206477733,74
23031,Maine,York County,2022-04-01,97.28,7.3,8.4,9.2,10.5,207641,0.07513194660043465,2022-04-01,Maine,ME,York County,85.7,95,0.8944476576055523,74
25003,Massachusetts,Berkshire County,2022-04-01,135.26,3,11.4,9.2,10.5,124944,0.04563800062092518,2022-04-01,Massachusetts,MA,Berkshire County,61,76.4,0.55320994794679,74
25011,Massachusetts,Franklin County,2022-04-01,108.29,2.2,10.4,9.2,10.5,70180,0.06426575597640484,2022-04-01,Massachusetts,MA,Franklin County,72.8,90.6,0.7903412377096588,74
25015,Massachusetts,Hampshire County,2022-04-01,131.82,2.4,13.3,9.2,10.5,160830,0.048742626513505125,2022-04-01,Massachusetts,MA,Hampshire County,69,84.5,0.7406015037593985,74
25017,Massachusetts,Middlesex County,2022-04-01,137.87,2.6,7.9,9.2,10.5,1611699,0.044706612853151195,2022-04-01,Massachusetts,MA,Middlesex County,85.1,95,0.8901098901098901,74
25021,Massachusetts,Norfolk County,2022-04-01,115.45,2,6.5,9.2,10.5,706775,0.059298354548276935,2022-04-01,Massachusetts,MA,Norfolk County,84.9,95,0.8883747831116252,74
25025,Massachusetts,Suffolk County,2022-04-01,157.36,4,19.3,9.2,10.5,803907,0.033529959639863396,2022-04-01,Massachusetts,MA,Suffolk County,79.1,95,0.8513591671486408,74
26099,Michigan,Macomb County,2022-04-01,99.89,5.7,11.3,9.2,10.5,873972,0.07140639552933871,2022-04-01,Michigan,MI,Macomb County,64.5,66.9,0.64574898785425106,74
26161,Michigan,Washtenaw County,2022-04-01,134.93,3.9,14.2,9.2,10.5,367601,0.04656938838869916,2022-04-01,Michigan,MI,Washtenaw County,78.6,84.7,0.8478889531521111,74
27043,Minnesota,Faribault County,2022-04-01,124.51,5.2,11.6,9.2,10.5,13653,0.051847252406085065,2022-04-01,Minnesota,MN,Faribault County,64.7,67.7,0.6515326778484674,74
27109,Minnesota,Olmsted County,2022-04-01,144.67,4,8.9,9.2,10.5,158293,0.039739211425023284,2022-04-01,Minnesota,MN,Olmsted County,85.7,90.5,0.8944476576055523,74
28113,Mississippi,Pike County,2022-04-01,86.54,14.3,33.8,9.2,10.5,39288,0.0937597019559143,2022-04-01,Mississippi,MS,Pike County,59.3,68.5,0.5089647194910353,74
29003,Missouri,Andrew County,2022-04-01,90.33,7.1,8.6,9.2,10.5,17712,0.08537721204594846,2022-04-01,Missouri,MO,Andrew County,43.9,49.9,0.11162521688837479,74
29007,Missouri,Audrain County,2022-04-01,98.47,10,15.3,9.2,10.5,25388,0.07326917106488669,2022-04-01,Missouri,MO,Audrain County,43.4,49.7,0.10323886639676114,74
29011,Missouri,Barton County,2022-04-01,127.62,9.7,21.6,9.2,10.5,11754,0.050294939459795095,2022-04-01,Missouri,MO,Barton County,38.4,44.3,0.03932909196067091,74
29017,Missouri,Bollinger County,2022-04-01,156.6,10.8,17,9.2,10.5,12133,0.034150884818379384,2022-04-01,Missouri,MO,Bollinger County,37.9,42.6,0.0335454019664546,74
29023,Missouri,Butler County,2022-04-01,320.17,12.6,21.8,9.2,10.5,42478,0.011176653213287799,2022-04-01,Missouri,MO,Butler County,40.1,47.5,0.05841526894158473,74
29025,Missouri,Caldwell County,2022-04-01,110.86,8.2,14.9,9.2,10.5,9020,0.06271344303011488,2022-04-01,Missouri,MO,Caldwell County,45.1,51.1,0.1341816078658184,74
29031,Missouri,Cape Girardeau County,2022-04-01,102.7,8.2,17,9.2,10.5,78871,0.06830176963675877,2022-04-01,Missouri,MO,Cape Girardeau County,55.8,63.6,0.41873915558126085,74
29049,Missouri,Clinton County,2022-04-01,88.29,7.9,10.9,9.2,10.5,20387,0.09003415088481838,2022-04-01,Missouri,MO,Clinton County,53.7,63.4,0.3582995951417004,74
29059,Missouri,Dallas County,2022-04-01,118.5,19.3,15,9.2,10.5,16878,0.055883266066438994,2022-04-01,Missouri,MO,Dallas County,41,47.3,0.0691150954308849,74
29069,Missouri,Dunklin County,2022-04-01,236.86,15,27.1,9.2,10.5,29131,0.016764979819931698,2022-04-01,Missouri,MO,Dunklin County,44.5,52.3,0.1231925968768074,74
29079,Missouri,Grundy County,2022-04-01,182.74,16.2,16.3,9.2,10.5,9850,0.023595156783607574,2022-04-01,Missouri,MO,Grundy County,41.8,48.3,0.07952573742047427,74
29091,Missouri,Howell County,2022-04-01,167.01,12.8,22.2,9.2,10.5,40117,0.02732070785470351,2022-04-01,Missouri,MO,Howell County,38.7,45.1,0.041931752458068246,74
29103,Missouri,Knox County,2022-04-01,252.59,17.1,19.2,9.2,10.5,3959,0.01614405464141571,2022-04-01,Missouri,MO,Knox County,45.9,50.7,0.14979757085020243,74
29123,Missouri,Madison County,2022-04-01,99.27,9.3,15.6,9.2,10.5,12088,0.0726482458863707,2022-04-01,Missouri,MO,Madison County,45.9,53.1,0.14979757085020243,74
29119,Missouri,McDonald County,2022-04-01,218.94,19.2,19.5,9.2,10.5,22837,0.019248680533995654,2022-04-01,Missouri,MO,McDonald County,39,50.1,0.045112781954887216,74
29133,Missouri,Mississippi County,2022-04-01,500.76,13.6,25,9.2,10.5,13180,0.005277864017385905,2022-04-01,Missouri,MO,Mississippi County,49.2,55.6,0.22874493927125505,74
29139,Missouri,Montgomery County,2022-04-01,303,9.8,17.1,9.2,10.5,11551,0.012418503570319777,2022-04-01,Missouri,MO,Montgomery County,55.2,62.4,0.3973395026026605,74
29155,Missouri,Pemiscot County,2022-04-01,101.23,13.7,27.9,9.2,10.5,15805,0.06923315740453276,2022-04-01,Missouri,MO,Pemiscot County,37.4,47.7,0.030942741469057258,74
29157,Missouri,Perry County,2022-04-01,214.26,5.9,8.2,9.2,10.5,19136,0.019559143123253648,2022-04-01,Missouri,MO,Perry County,45.8,50.8,0.14661654135338345,74
29159,Missouri,Pettis County,2022-04-01,370.82,13.4,17.2,9.2,10.5,42339,0.009313877677739833,2022-04-01,Missouri,MO,Pettis County,50.2,57.9,0.2611336032388664,74
29205,Missouri,Shelby County,2022-04-01,354.13,12.9,15,9.2,10.5,5930,0.009624340266997827,2022-04-01,Missouri,MO,Shelby County,54.8,60.4,0.3883747831116252,74
29221,Missouri,Washington County,2022-04-01,149.62,13.4,20.1,9.2,10.5,24730,0.037565973300217326,2022-04-01,Missouri,MO,Washington County,36.7,43,0.026026604973973393,74
31001,Nebraska,Adams County,2022-04-01,105.22,7.1,13,9.2,10.5,31363,0.0661285315119528,2022-04-01,Nebraska,NE,Adams County,48.8,NA,0.2183342972816657,74
31023,Nebraska,Butler County,2022-04-01,137.23,4.8,7.5,9.2,10.5,8016,0.04501707544240919,2022-04-01,Nebraska,NE,Butler County,58.7,NA,0.4910352805089647,74
31037,Nebraska,Colfax County,2022-04-01,102.72,11.7,12.4,9.2,10.5,10709,0.06799130704750078,2022-04-01,Nebraska,NE,Colfax County,58.1,NA,0.47802197802197804,74
31155,Nebraska,Saunders County,2022-04-01,92.69,4.7,8.4,9.2,10.5,21578,0.08227258615336852,2022-04-01,Nebraska,NE,Saunders County,59.8,NA,0.523423944476576,74
31185,Nebraska,York County,2022-04-01,109.66,6.8,10.1,9.2,10.5,13679,0.06364483079788885,2022-04-01,Nebraska,NE,York County,60.1,NA,0.529786003470214,74
32510,Nevada,Carson City,2022-04-01,103.73,10.6,13.7,9.2,10.5,55916,0.06705991927972679,2022-04-01,Nevada,NV,Carson City,72.4,84.7,0.7848467322151532,74
33001,New Hampshire,Belknap County,2022-04-01,84.82,8.2,8.7,9.2,10.5,61303,0.09717479043775225,2022-04-01,New Hampshire,NH,Belknap County,67.4,90,0.7122614227877386,74
33003,New Hampshire,Carroll County,2022-04-01,141.08,9.8,9.6,9.2,10.5,48910,0.04191244954982925,2022-04-01,New Hampshire,NH,Carroll County,77.5,95,0.8389242336610757,74
33005,New Hampshire,Cheshire County,2022-04-01,165.6,7.1,9.9,9.2,10.5,76085,0.027941633033219497,2022-04-01,New Hampshire,NH,Cheshire County,67.5,85.6,0.7142857142857143,74
33007,New Hampshire,Coos County,2022-04-01,167.92,8.9,12.8,9.2,10.5,31563,0.026389320086929523,2022-04-01,New Hampshire,NH,Coos County,71.5,91.3,0.772700983227299,74
33009,New Hampshire,Grafton County,2022-04-01,153.53,7.9,9.9,9.2,10.5,89886,0.03539273517541136,2022-04-01,New Hampshire,NH,Grafton County,80.7,95,0.8626373626373627,74
33011,New Hampshire,Hillsborough County,2022-04-01,93.76,6.4,8.1,9.2,10.5,417025,0.08009934802856256,2022-04-01,New Hampshire,NH,Hillsborough County,69.7,89.9,0.7475419317524581,74
33015,New Hampshire,Rockingham County,2022-04-01,97.81,4.8,4.7,9.2,10.5,309769,0.07482148401117665,2022-04-01,New Hampshire,NH,Rockingham County,72.9,94.6,0.7909196067090803,74
33017,New Hampshire,Strafford County,2022-04-01,158.46,7,10,9.2,10.5,130633,0.03228810928283142,2022-04-01,New Hampshire,NH,Strafford County,68.3,89.1,0.7281665702718334,74
34003,New Jersey,Bergen County,2022-04-01,121.54,8.3,7,9.2,10.5,932202,0.053710027941633036,2022-04-01,New Jersey,NJ,Bergen County,84.9,95,0.8883747831116252,74
34013,New Jersey,Essex County,2022-04-01,85.11,12.3,16.4,9.2,10.5,798975,0.09655386525923626,2022-04-01,New Jersey,NJ,Essex County,81.3,95,0.868421052631579,74
34017,New Jersey,Hudson County,2022-04-01,93.4,14.1,16.3,9.2,10.5,672391,0.08103073579633654,2022-04-01,New Jersey,NJ,Hudson County,86.1,95,0.8970503181029497,74
34019,New Jersey,Hunterdon County,2022-04-01,95.68,2.9,4.8,9.2,10.5,124371,0.07699472213598262,2022-04-01,New Jersey,NJ,Hunterdon County,76.7,95,0.8299595141700404,74
34021,New Jersey,Mercer County,2022-04-01,100.97,8.2,11.4,9.2,10.5,367430,0.06954361999379075,2022-04-01,New Jersey,NJ,Mercer County,78.1,95,0.8421052631578947,74
34023,New Jersey,Middlesex County,2022-04-01,94.42,7.6,8.5,9.2,10.5,825062,0.07916796026078858,2022-04-01,New Jersey,NJ,Middlesex County,80.9,95,0.8655292076344708,74
34025,New Jersey,Monmouth County,2022-04-01,99.06,6.3,7.4,9.2,10.5,618795,0.07295870847562869,2022-04-01,New Jersey,NJ,Monmouth County,75.3,90.7,0.8152111046847889,74
34027,New Jersey,Morris County,2022-04-01,107.55,5.1,4.6,9.2,10.5,491845,0.06488668115492083,2022-04-01,New Jersey,NJ,Morris County,84.6,95,0.8857721226142279,74
34035,New Jersey,Somerset County,2022-04-01,87.25,5.3,4.7,9.2,10.5,328934,0.09220738900962434,2022-04-01,New Jersey,NJ,Somerset County,82.8,95,0.8773857721226143,74
34039,New Jersey,Union County,2022-04-01,90.23,11.8,9.8,9.2,10.5,556341,0.08661906240298044,2022-04-01,New Jersey,NJ,Union County,80,95,0.8571428571428571,74
35027,New Mexico,Lincoln County,2022-04-01,91.97,10.2,16.2,9.2,10.5,19572,0.08289351133188451,2022-04-01,New Mexico,NM,Lincoln County,65.1,79.4,0.6622325043377675,74
35047,New Mexico,San Miguel County,2022-04-01,84.32,7.3,27.7,9.2,10.5,27277,0.09903756597330021,2022-04-01,New Mexico,NM,San Miguel County,72.8,83.3,0.7903412377096588,74
36007,New York,Broome County,2022-04-01,96.07,4.2,17,9.2,10.5,190488,0.07606333436820863,2022-04-01,New York,NY,Broome County,70.3,75.9,0.757085020242915,74
36011,New York,Cayuga County,2022-04-01,266.4,5.4,11.7,9.2,10.5,76576,0.014591741695125737,2022-04-01,New York,NY,Cayuga County,65.3,69.3,0.6651243493348756,74
36015,New York,Chemung County,2022-04-01,88.67,4.6,14.8,9.2,10.5,83456,0.08972368829556039,2022-04-01,New York,NY,Chemung County,66.8,76.7,0.7004048582995951,74
36019,New York,Clinton County,2022-04-01,121.76,4.4,15.3,9.2,10.5,80485,0.05308910276311705,2022-04-01,New York,NY,Clinton County,78.7,84.5,0.8490456911509543,74
36023,New York,Cortland County,2022-04-01,184.95,4.3,15.5,9.2,10.5,47581,0.022974231605091586,2022-04-01,New York,NY,Cortland County,65.2,69.3,0.6639676113360324,74
36025,New York,Delaware County,2022-04-01,158.6,6,16.2,9.2,10.5,44135,0.031977646693573426,2022-04-01,New York,NY,Delaware County,62.1,67.8,0.58155002891845,74
36031,New York,Essex County,2022-04-01,132.85,3.9,9.5,9.2,10.5,36885,0.04750077615647315,2022-04-01,New York,NY,Essex County,76.6,82.4,0.8285135916714864,74
36033,New York,Franklin County,2022-04-01,121.95,6.5,18.2,9.2,10.5,50022,0.05277864017385905,2022-04-01,New York,NY,Franklin County,76.5,81.6,0.8267784846732216,74
36035,New York,Fulton County,2022-04-01,125.51,6.3,15.5,9.2,10.5,53383,0.05153678981682707,2022-04-01,New York,NY,Fulton County,60.9,66,0.5497397339502602,74
36039,New York,Greene County,2022-04-01,91.12,5.5,13.3,9.2,10.5,47188,0.08413536168891649,2022-04-01,New York,NY,Greene County,67.8,75.6,0.7186234817813765,74
36043,New York,Herkimer County,2022-04-01,117.42,5.9,14.6,9.2,10.5,61319,0.057435579012728964,2022-04-01,New York,NY,Herkimer County,65.9,72,0.6784268363215732,74
36045,New York,Jefferson County,2022-04-01,84.67,6,14.2,9.2,10.5,109834,0.09748525302701025,2022-04-01,New York,NY,Jefferson County,85.4,95,0.8924233661075767,74
36047,New York,Kings County,2022-04-01,119.03,8.2,21.1,9.2,10.5,2559903,0.055572803477181,2022-04-01,New York,NY,Kings County,81.6,95,0.8701561596298438,74
36053,New York,Madison County,2022-04-01,222.72,4.8,9.9,9.2,10.5,70941,0.01893821794473766,2022-04-01,New York,NY,Madison County,66.9,71.3,0.7024291497975709,74
36055,New York,Monroe County,2022-04-01,100.84,3.8,14.7,9.2,10.5,741770,0.07016454517230673,2022-04-01,New York,NY,Monroe County,79.7,85.3,0.8545401966454598,74
36057,New York,Montgomery County,2022-04-01,132.06,6.6,19.9,9.2,10.5,49221,0.048121701334989136,2022-04-01,New York,NY,Montgomery County,76.6,83.1,0.8285135916714864,74
36059,New York,Nassau County,2022-04-01,107.08,4.8,5.7,9.2,10.5,1356924,0.06550760633343682,2022-04-01,New York,NY,Nassau County,90.3,95,0.9117987275882012,74
36061,New York,New York County,2022-04-01,203.47,5.8,16.6,9.2,10.5,1628706,0.02111145606954362,2022-04-01,New York,NY,New York County,90.7,95,0.9126662810873337,74
36065,New York,Oneida County,2022-04-01,157.43,4.2,16.1,9.2,10.5,228671,0.0332194970506054,2022-04-01,New York,NY,Oneida County,70.3,76.7,0.757085020242915,74
36067,New York,Onondaga County,2022-04-01,379.35,4.1,14.6,9.2,10.5,460528,0.009003415088481837,2022-04-01,New York,NY,Onondaga County,81.3,87.3,0.868421052631579,74
36069,New York,Ontario County,2022-04-01,100.2,4,9.6,9.2,10.5,109777,0.07047500776156473,2022-04-01,New York,NY,Ontario County,74.5,79.4,0.8053788316946212,74
36071,New York,Orange County,2022-04-01,140.02,5.2,11.8,9.2,10.5,384940,0.04284383731760323,2022-04-01,New York,NY,Orange County,74.8,84.7,0.810294968189705,74
36075,New York,Oswego County,2022-04-01,350.06,5,17.9,9.2,10.5,117124,0.01055572803477181,2022-04-01,New York,NY,Oswego County,66.2,70.1,0.6882591093117408,74
36077,New York,Otsego County,2022-04-01,134.47,5.7,15.4,9.2,10.5,59493,0.04687985097795715,2022-04-01,New York,NY,Otsego County,66,71.6,0.6813186813186813,74
36079,New York,Putnam County,2022-04-01,96.62,4.6,5.3,9.2,10.5,98320,0.07544240918969264,2022-04-01,New York,NY,Putnam County,80,91.2,0.8571428571428571,74
36083,New York,Rensselaer County,2022-04-01,85.69,4.3,12,9.2,10.5,158714,0.0950015523129463,2022-04-01,New York,NY,Rensselaer County,77.5,85.9,0.8389242336610757,74
36085,New York,Richmond County,2022-04-01,97.87,4.9,12.8,9.2,10.5,476143,0.07451102142191866,2022-04-01,New York,NY,Richmond County,83.2,93.1,0.8788316946211683,74
36087,New York,Rockland County,2022-04-01,90.86,6.1,14.3,9.2,10.5,325789,0.08506674945669047,2022-04-01,New York,NY,Rockland County,75.9,87.6,0.8218623481781376,74
36091,New York,Saratoga County,2022-04-01,85.7,3.5,6.2,9.2,10.5,229863,0.0946910897236883,2022-04-01,New York,NY,Saratoga County,85.9,95,0.8958935801041065,74
36093,New York,Schenectady County,2022-04-01,104.96,4.8,11.4,9.2,10.5,155299,0.06674945669046879,2022-04-01,New York,NY,Schenectady County,80.8,88.9,0.8643724696356275,74
36097,New York,Schuyler County,2022-04-01,174.09,5.6,13.9,9.2,10.5,17807,0.02545793231915554,2022-04-01,New York,NY,Schuyler County,68.7,75.2,0.7342394447657605,74
36099,New York,Seneca County,2022-04-01,155.81,9.6,12.4,9.2,10.5,34016,0.03446134740763738,2022-04-01,New York,NY,Seneca County,59.4,63.3,0.5118565644881434,74
36089,New York,St. Lawrence County,2022-04-01,157.79,5.9,17.7,9.2,10.5,107740,0.032598571872089414,2022-04-01,New York,NY,St. Lawrence County,67.3,71.3,0.7108155002891845,74
36101,New York,Steuben County,2022-04-01,94.36,5.8,14,9.2,10.5,95379,0.07947842285004657,2022-04-01,New York,NY,Steuben County,66.5,75.2,0.694331983805668,74
36107,New York,Tioga County,2022-04-01,109.95,4.4,10.5,9.2,10.5,48203,0.06333436820863086,2022-04-01,New York,NY,Tioga County,67.1,77.7,0.706766917293233,74
36109,New York,Tompkins County,2022-04-01,465.84,3.7,19.6,9.2,10.5,102180,0.0058987891959018934,2022-04-01,New York,NY,Tompkins County,83.6,94.6,0.8814343551185656,74
36111,New York,Ulster County,2022-04-01,95.17,5.9,13.9,9.2,10.5,177573,0.0776156473144986,2022-04-01,New York,NY,Ulster County,78.5,88.3,0.8467322151532678,74
36113,New York,Warren County,2022-04-01,139.18,5,10.5,9.2,10.5,63944,0.04377522508537721,2022-04-01,New York,NY,Warren County,83.9,92.4,0.8831694621168306,74
36119,New York,Westchester County,2022-04-01,112.35,6.8,9.2,9.2,10.5,967506,0.06022974231605092,2022-04-01,New York,NY,Westchester County,88.1,95,0.9045691150954309,74
37011,North Carolina,Avery County,2022-04-01,432.88,15,14.4,9.2,10.5,17557,0.006519714374417882,2022-04-01,North Carolina,NC,Avery County,58.5,76.6,0.48785425101214575,74
37013,North Carolina,Beaufort County,2022-04-01,108.52,10.4,19.2,9.2,10.5,46994,0.06395529338714685,2022-04-01,North Carolina,NC,Beaufort County,61.9,78.8,0.5769230769230769,74
37027,North Carolina,Caldwell County,2022-04-01,121.69,12.6,16.6,9.2,10.5,82178,0.05339956535237504,2022-04-01,North Carolina,NC,Caldwell County,52.8,67.1,0.32967032967032966,74
37035,North Carolina,Catawba County,2022-04-01,90.25,10.8,13.2,9.2,10.5,159551,0.08599813722446445,2022-04-01,North Carolina,NC,Catawba County,62.1,86.1,0.58155002891845,74
37043,North Carolina,Clay County,2022-04-01,89.04,14.6,15.8,9.2,10.5,11231,0.0887923005277864,2022-04-01,North Carolina,NC,Clay County,59.4,74.8,0.5118565644881434,74
37051,North Carolina,Cumberland County,2022-04-01,283.75,10.2,18.2,9.2,10.5,335509,0.01334989133809376,2022-04-01,North Carolina,NC,Cumberland County,71,95,0.7651821862348178,74
37063,North Carolina,Durham County,2022-04-01,89.27,12.2,16,9.2,10.5,321488,0.0884818379385284,2022-04-01,North Carolina,NC,Durham County,77.9,95,0.8415268941584731,74
37085,North Carolina,Harnett County,2022-04-01,111.78,11.3,17,9.2,10.5,135976,0.060850667494566905,2022-04-01,North Carolina,NC,Harnett County,49.4,65.9,0.23366107576633893,74
37093,North Carolina,Hoke County,2022-04-01,132.16,12.8,21,9.2,10.5,55234,0.04781123874573114,2022-04-01,North Carolina,NC,Hoke County,48.5,65.5,0.20994794679005205,74
37099,North Carolina,Jackson County,2022-04-01,91.04,13,19.4,9.2,10.5,43938,0.08444582427817449,2022-04-01,North Carolina,NC,Jackson County,59.1,80.1,0.5040485829959515,74
37107,North Carolina,Lenoir County,2022-04-01,84.01,13.3,23,9.2,10.5,55949,0.0999689537410742,2022-04-01,North Carolina,NC,Lenoir County,62.1,83.2,0.58155002891845,74
37113,North Carolina,Macon County,2022-04-01,228.68,14.2,16.6,9.2,10.5,35858,0.01769636758770568,2022-04-01,North Carolina,NC,Macon County,64.9,81.1,0.6573163678426837,74
37121,North Carolina,Mitchell County,2022-04-01,314.09,12.6,14,9.2,10.5,14964,0.011797578391803787,2022-04-01,North Carolina,NC,Mitchell County,55.6,70.6,0.4103528050896472,74
37129,North Carolina,New Hanover County,2022-04-01,133.06,10.2,17.3,9.2,10.5,234473,0.04719031356721515,2022-04-01,North Carolina,NC,New Hanover County,68.9,95,0.738288027761712,74
37135,North Carolina,Orange County,2022-04-01,90.25,7.2,13.4,9.2,10.5,148476,0.08599813722446445,2022-04-01,North Carolina,NC,Orange County,82.1,95,0.8736263736263736,74
37149,North Carolina,Polk County,2022-04-01,110.98,10,9.5,9.2,10.5,20724,0.062402980440856876,2022-04-01,North Carolina,NC,Polk County,47.3,60.9,0.18016194331983806,74
37173,North Carolina,Swain County,2022-04-01,161.17,21.5,17.3,9.2,10.5,14271,0.03011487115802546,2022-04-01,North Carolina,NC,Swain County,63.6,83.5,0.6246385193753615,74
37191,North Carolina,Wayne County,2022-04-01,591.24,13.2,21.4,9.2,10.5,123131,0.0049674014281279105,2022-04-01,North Carolina,NC,Wayne County,56.2,76.5,0.42799305957200695,74
39017,Ohio,Butler County,2022-04-01,117.97,5.8,13,9.2,10.5,383134,0.05650419124495498,2022-04-01,Ohio,OH,Butler County,64.2,68.7,0.6376518218623481,74
40031,Oklahoma,Comanche County,2022-04-01,87.79,13.1,15.4,9.2,10.5,120749,0.09096553865259237,2022-04-01,Oklahoma,OK,Comanche County,70.2,85.8,0.7553499132446501,74
40035,Oklahoma,Craig County,2022-04-01,162.64,16.3,18.5,9.2,10.5,14142,0.029183483390251473,2022-04-01,Oklahoma,OK,Craig County,61,77.1,0.55320994794679,74
40093,Oklahoma,Major County,2022-04-01,353.91,10.4,12,9.2,10.5,7629,0.009934802856255821,2022-04-01,Oklahoma,OK,Major County,59.4,66,0.5118565644881434,74
40143,Oklahoma,Tulsa County,2022-04-01,87.48,14,15.1,9.2,10.5,651552,0.09127600124185035,2022-04-01,Oklahoma,OK,Tulsa County,71.4,88.5,0.7715442452284558,74
41023,Oregon,Grant County,2022-04-01,152.8,6.2,14.6,9.2,10.5,7199,0.035703197764669355,2022-04-01,Oregon,OR,Grant County,50.7,55,0.27559282822440717,74
42115,Pennsylvania,Susquehanna County,2022-04-01,84.31,7.2,12.3,9.2,10.5,40328,0.09934802856255821,2022-04-01,Pennsylvania,PA,Susquehanna County,51.3,61.1,0.2923655292076345,74
72003,Puerto Rico,Aguada Muni,2022-04-01,119.91,5.8,5120,9.2,10.5,36694,0.05464141570940702,2022-04-01,Puerto Rico,PR,Aguada Muni,81.3,92.8,0.868421052631579,74
72009,Puerto Rico,Aibonito Muni,2022-04-01,135.7,2.9,4590,9.2,10.5,22108,0.04532753803166718,2022-04-01,Puerto Rico,PR,Aibonito Muni,95,95,0.91844997108155,74
72011,Puerto Rico,A침asco Muni,2022-04-01,87.92,3.7,4340,9.2,10.5,26161,0.09065507606333437,2022-04-01,Puerto Rico,PR,A침asco Muni,80.7,89.1,0.8626373626373627,74
72019,Puerto Rico,Barranquitas Muni,2022-04-01,86.56,4.2,5900,9.2,10.5,27725,0.09344923936665632,2022-04-01,Puerto Rico,PR,Barranquitas Muni,83.7,92.8,0.8823019086176981,74
72025,Puerto Rico,Caguas Muni,2022-04-01,86.67,6.1,3740,9.2,10.5,124606,0.09313877677739832,2022-04-01,Puerto Rico,PR,Caguas Muni,87.6,95,0.902834008097166,74
72027,Puerto Rico,Camuy Muni,2022-04-01,111.46,4.7,5020,9.2,10.5,30504,0.06178205526234089,2022-04-01,Puerto Rico,PR,Camuy Muni,83.6,94.4,0.8814343551185656,74
72043,Puerto Rico,Coamo Muni,2022-04-01,96.52,4.5,4700,9.2,10.5,38336,0.07575287177895064,2022-04-01,Puerto Rico,PR,Coamo Muni,75.8,89.2,0.8209947946790052,74
72051,Puerto Rico,Dorado Muni,2022-04-01,91.31,4.6,3420,9.2,10.5,36141,0.0838248990996585,2022-04-01,Puerto Rico,PR,Dorado Muni,83.5,95,0.8811451706188548,74
72054,Puerto Rico,Florida Muni,2022-04-01,167.89,3.3,5230,9.2,10.5,11317,0.02669978267618752,2022-04-01,Puerto Rico,PR,Florida Muni,93.5,95,0.9161364950838635,74
72059,Puerto Rico,Guayanilla Muni,2022-04-01,107.81,3.4,5560,9.2,10.5,17623,0.06457621856566284,2022-04-01,Puerto Rico,PR,Guayanilla Muni,85.8,95,0.8953152111046848,74
72061,Puerto Rico,Guaynabo Muni,2022-04-01,114.66,7.2,2660,9.2,10.5,83728,0.05960881713753493,2022-04-01,Puerto Rico,PR,Guaynabo Muni,95,95,0.91844997108155,74
72063,Puerto Rico,Gurabo Muni,2022-04-01,84.94,6.8,2930,9.2,10.5,47093,0.09686432784849426,2022-04-01,Puerto Rico,PR,Gurabo Muni,75.7,87.1,0.819838056680162,74
72065,Puerto Rico,Hatillo Muni,2022-04-01,99.44,5.1,4650,9.2,10.5,39218,0.0723377832971127,2022-04-01,Puerto Rico,PR,Hatillo Muni,73.6,80.7,0.7972816657027183,74
72067,Puerto Rico,Hormigueros Muni,2022-04-01,115.99,4.6,4080,9.2,10.5,15518,0.05898789195901894,2022-04-01,Puerto Rico,PR,Hormigueros Muni,86,95,0.896471949103528,74
72085,Puerto Rico,Las Piedras Muni,2022-04-01,94.58,5.2,4320,9.2,10.5,37007,0.07885749767153058,2022-04-01,Puerto Rico,PR,Las Piedras Muni,77.6,89.3,0.8397917871602082,74
72099,Puerto Rico,Moca Muni,2022-04-01,166.23,4.4,5720,9.2,10.5,34891,0.027631170443961503,2022-04-01,Puerto Rico,PR,Moca Muni,88.1,95,0.9045691150954309,74
72101,Puerto Rico,Morovis Muni,2022-04-01,207.68,5.6,4550,9.2,10.5,30335,0.020180068301769636,2022-04-01,Puerto Rico,PR,Morovis Muni,77.3,90.4,0.8357432041642568,74
72113,Puerto Rico,Ponce Muni,2022-04-01,87.2,5.4,5090,9.2,10.5,131881,0.09251785159888233,2022-04-01,Puerto Rico,PR,Ponce Muni,91.5,95,0.9141122035858879,74
72115,Puerto Rico,Quebradillas Muni,2022-04-01,122.17,3.4,5200,9.2,10.5,22918,0.05246817758460105,2022-04-01,Puerto Rico,PR,Quebradillas Muni,88.8,95,0.9077501445922499,74
72131,Puerto Rico,San Sebasti치n Muni,2022-04-01,95.7,6.6,5440,9.2,10.5,35528,0.07668425954672461,2022-04-01,Puerto Rico,PR,San Sebasti치n Muni,91.9,95,0.9155581260844419,74
72141,Puerto Rico,Utuado Muni,2022-04-01,105.86,6.3,5200,9.2,10.5,27395,0.06581806892269482,2022-04-01,Puerto Rico,PR,Utuado Muni,79.5,89.5,0.8530942741469058,74
44001,Rhode Island,Bristol County,2022-04-01,142.33,2.5,7.6,9.2,10.5,48479,0.041291524371313254,2022-04-01,Rhode Island,RI,Bristol County,83.7,94.1,0.8823019086176981,74
44003,Rhode Island,Kent County,2022-04-01,146.08,3.7,8,9.2,10.5,164292,0.03942874883576529,2022-04-01,Rhode Island,RI,Kent County,85.1,93.5,0.8901098901098901,74
44005,Rhode Island,Newport County,2022-04-01,112.08,4.1,8.6,9.2,10.5,82082,0.06054020490530891,2022-04-01,Rhode Island,RI,Newport County,80.1,95,0.858877964141122,74
44007,Rhode Island,Providence County,2022-04-01,139.3,6.4,16.2,9.2,10.5,638931,0.04346476249611922,2022-04-01,Rhode Island,RI,Providence County,78.2,88.1,0.8441295546558705,74
44009,Rhode Island,Washington County,2022-04-01,191.12,3.2,9.4,9.2,10.5,125577,0.022353306426575598,2022-04-01,Rhode Island,RI,Washington County,82.7,93.7,0.8768074031231926,74
47005,Tennessee,Benton County,2022-04-01,117.57,9.7,21.4,9.2,10.5,16160,0.05712511642347097,2022-04-01,Tennessee,TN,Benton County,50.6,55.9,0.27356853672643144,74
47091,Tennessee,Johnson County,2022-04-01,84.33,10.7,23.5,9.2,10.5,17788,0.09872710338404223,2022-04-01,Tennessee,TN,Johnson County,41.1,48.6,0.07056101792943899,74
48009,Texas,Archer County,2022-04-01,151.99,11.4,9.3,9.2,10.5,8553,0.03601366035392735,2022-04-01,Texas,TX,Archer County,68.5,78.3,0.7307692307692307,74
48009,Texas,Archer County,2022-04-01,151.99,11.4,9.3,9.2,10.5,8553,0.03601366035392735,2022-04-01,Texas,TX,Archer County,265.9061277705345,289.6349413298566,0.9661654135338346,74
48017,Texas,Bailey County,2022-04-01,257.14,20.6,14.5,9.2,10.5,7000,0.015833592052157716,2022-04-01,Texas,TX,Bailey County,47.5,57.1,0.1844997108155003,74
48017,Texas,Bailey County,2022-04-01,257.14,20.6,14.5,9.2,10.5,7000,0.015833592052157716,2022-04-01,Texas,TX,Bailey County,309.29152148664343,373.5191637630662,0.9895893580104106,74
48029,Texas,Bexar County,2022-04-01,174.39,15.1,16.3,9.2,10.5,2003554,0.024837007140639553,2022-04-01,Texas,TX,Bexar County,80.1,95,0.858877964141122,74
48029,Texas,Bexar County,2022-04-01,174.39,15.1,16.3,9.2,10.5,2003554,0.024837007140639553,2022-04-01,Texas,TX,Bexar County,250.47222619801542,296.59216792704757,0.9522845575477155,74
48049,Texas,Brown County,2022-04-01,427.85,13.7,14.5,9.2,10.5,37864,0.006830176963675877,2022-04-01,Texas,TX,Brown County,47.5,53.8,0.1844997108155003,74
48049,Texas,Brown County,2022-04-01,427.85,13.7,14.5,9.2,10.5,37864,0.006830176963675877,2022-04-01,Texas,TX,Brown County,286.46303994216515,320.27833001988074,0.9814921920185078,74
48057,Texas,Calhoun County,2022-04-01,84.55,19,14.1,9.2,10.5,21290,0.09810617820552624,2022-04-01,Texas,TX,Calhoun County,66.5,75.2,0.694331983805668,74
48057,Texas,Calhoun County,2022-04-01,84.55,19,14.1,9.2,10.5,21290,0.09810617820552624,2022-04-01,Texas,TX,Calhoun County,255.31193490054252,291.5461121157324,0.9554655870445344,74
48059,Texas,Callahan County,2022-04-01,236.68,18.5,14.1,9.2,10.5,13943,0.017075442409189692,2022-04-01,Texas,TX,Callahan County,48.1,56.3,0.20040485829959515,74
48059,Texas,Callahan County,2022-04-01,236.68,18.5,14.1,9.2,10.5,13943,0.017075442409189692,2022-04-01,Texas,TX,Callahan County,260.2897102897103,291.05894105894106,0.9606709080393291,74
48061,Texas,Cameron County,2022-04-01,155.73,28.6,30.6,9.2,10.5,423163,0.03477180999689537,2022-04-01,Texas,TX,Cameron County,91.1,95,0.9129554655870445,74
48061,Texas,Cameron County,2022-04-01,155.73,28.6,30.6,9.2,10.5,423163,0.03477180999689537,2022-04-01,Texas,TX,Cameron County,264.5516969218627,328.51223362273083,0.9632735685367264,74
48077,Texas,Clay County,2022-04-01,95.5,13.9,13.6,9.2,10.5,10471,0.0773051847252406,2022-04-01,Texas,TX,Clay County,52.5,58,0.32041642567958356,74
48077,Texas,Clay County,2022-04-01,95.5,13.9,13.6,9.2,10.5,10471,0.0773051847252406,2022-04-01,Texas,TX,Clay County,263.3693045563549,288.4892086330935,0.9624060150375939,74
48085,Texas,Collin County,2022-04-01,129.6,10.4,6.6,9.2,10.5,1034730,0.04967401428127911,2022-04-01,Texas,TX,Collin County,76.2,86.8,0.8235974551764026,74
48085,Texas,Collin County,2022-04-01,129.6,10.4,6.6,9.2,10.5,1034730,0.04967401428127911,2022-04-01,Texas,TX,Collin County,244.56545922637653,277.25463605510646,0.9438982070561018,74
48091,Texas,Comal County,2022-04-01,142.76,12.3,8.2,9.2,10.5,156209,0.04098106178205526,2022-04-01,Texas,TX,Comal County,70.6,81.4,0.7608444187391555,74
48091,Texas,Comal County,2022-04-01,142.76,12.3,8.2,9.2,10.5,156209,0.04098106178205526,2022-04-01,Texas,TX,Comal County,245.49795183552067,280.62462493803326,0.9453441295546559,74
48093,Texas,Comanche County,2022-04-01,1004.77,18.1,16.2,9.2,10.5,13635,0.002173238124805961,2022-04-01,Texas,TX,Comanche County,54.4,60.6,0.3785425101214575,74
48093,Texas,Comanche County,2022-04-01,1004.77,18.1,16.2,9.2,10.5,13635,0.002173238124805961,2022-04-01,Texas,TX,Comanche County,243.97781299524564,270.324881141046,0.9427414690572585,74
48099,Texas,Coryell County,2022-04-01,167.21,9.9,13.5,9.2,10.5,75951,0.027010245265445515,2022-04-01,Texas,TX,Coryell County,62.3,72.4,0.5855986119144014,74
48099,Texas,Coryell County,2022-04-01,167.21,9.9,13.5,9.2,10.5,75951,0.027010245265445515,2022-04-01,Texas,TX,Coryell County,275.1231093914879,316.9539219134717,0.9728166570271833,74
48105,Texas,Crockett County,2022-04-01,288.68,15.2,20.8,9.2,10.5,3464,0.013039428748835765,2022-04-01,Texas,TX,Crockett County,56.5,65.4,0.4384037015615963,74
48105,Texas,Crockett County,2022-04-01,288.68,15.2,20.8,9.2,10.5,3464,0.013039428748835765,2022-04-01,Texas,TX,Crockett County,231.79190751445086,268.0635838150289,0.9337767495662233,74
48131,Texas,Duval County,2022-04-01,116.52,24.5,25.6,9.2,10.5,11157,0.058366966780502946,2022-04-01,Texas,TX,Duval County,72.9,85.5,0.7909196067090803,74
48131,Texas,Duval County,2022-04-01,116.52,24.5,25.6,9.2,10.5,11157,0.058366966780502946,2022-04-01,Texas,TX,Duval County,244.50530640191715,288.46285518657993,0.943609022556391,74
48157,Texas,Fort Bend County,2022-04-01,185.17,11.1,7.8,9.2,10.5,811688,0.02266376901583359,2022-04-01,Texas,TX,Fort Bend County,81.8,92.4,0.8721804511278195,74
48157,Texas,Fort Bend County,2022-04-01,185.17,11.1,7.8,9.2,10.5,811688,0.02266376901583359,2022-04-01,Texas,TX,Fort Bend County,240.66856424725142,271.2000532654199,0.9398496240601504,74
48163,Texas,Frio County,2022-04-01,103.42,22,20.2,9.2,10.5,20306,0.0673703818689848,2022-04-01,Texas,TX,Frio County,78.3,88.1,0.8452862926547137,74
48163,Texas,Frio County,2022-04-01,103.42,22,20.2,9.2,10.5,20306,0.0673703818689848,2022-04-01,Texas,TX,Frio County,413.48851089227094,471.1131005669949,0.9985540775014459,74
48165,Texas,Gaines County,2022-04-01,404.8,31.7,14.2,9.2,10.5,21492,0.008072027320707855,2022-04-01,Texas,TX,Gaines County,28.4,32.9,0.006940427993059572,74
48165,Texas,Gaines County,2022-04-01,404.8,31.7,14.2,9.2,10.5,21492,0.008072027320707855,2022-04-01,Texas,TX,Gaines County,392.3664122137405,454.8770144189992,0.9979757085020243,74
48171,Texas,Gillespie County,2022-04-01,88.93,18.8,11.4,9.2,10.5,26988,0.08910276311704439,2022-04-01,Texas,TX,Gillespie County,60.7,69.4,0.5448235974551764,74
48171,Texas,Gillespie County,2022-04-01,88.93,18.8,11.4,9.2,10.5,26988,0.08910276311704439,2022-04-01,Texas,TX,Gillespie County,223.40916077466954,251.42944973870271,0.9297281665702718,74
48215,Texas,Hidalgo County,2022-04-01,154.83,30.5,31.2,9.2,10.5,868707,0.03508227258615337,2022-04-01,Texas,TX,Hidalgo County,86,95,0.896471949103528,74
48215,Texas,Hidalgo County,2022-04-01,154.83,30.5,31.2,9.2,10.5,868707,0.03508227258615337,2022-04-01,Texas,TX,Hidalgo County,306.1951228510293,417.1276654615214,0.9884326200115674,74
48217,Texas,Hill County,2022-04-01,100.96,16.2,15.9,9.2,10.5,36649,0.06985408258304875,2022-04-01,Texas,TX,Hill County,47.7,55.3,0.18941584731058414,74
48217,Texas,Hill County,2022-04-01,100.96,16.2,15.9,9.2,10.5,36649,0.06985408258304875,2022-04-01,Texas,TX,Hill County,274.29584032829695,316.19100914008584,0.97165991902834,74
48219,Texas,Hockley County,2022-04-01,139,18.4,15.7,9.2,10.5,23021,0.04408568767463521,2022-04-01,Texas,TX,Hockley County,50.6,57.9,0.27356853672643144,74
48219,Texas,Hockley County,2022-04-01,139,18.4,15.7,9.2,10.5,23021,0.04408568767463521,2022-04-01,Texas,TX,Hockley County,299.72677595628414,343.0479659987857,0.9869866975130133,74
48227,Texas,Howard County,2022-04-01,98.19,17.4,16.8,9.2,10.5,36664,0.07357963365414467,2022-04-01,Texas,TX,Howard County,43.6,50.2,0.1064198958935801,74
48227,Texas,Howard County,2022-04-01,98.19,17.4,16.8,9.2,10.5,36664,0.07357963365414467,2022-04-01,Texas,TX,Howard County,391.73967459324155,449.4993742177722,0.9973973395026027,74
48245,Texas,Jefferson County,2022-04-01,140.72,20.5,18.4,9.2,10.5,251565,0.04253337472834524,2022-04-01,Texas,TX,Jefferson County,59.5,68.3,0.5153267784846732,74
48245,Texas,Jefferson County,2022-04-01,140.72,20.5,18.4,9.2,10.5,251565,0.04253337472834524,2022-04-01,Texas,TX,Jefferson County,264.9896298830422,303.41893134341126,0.9635627530364372,74
48249,Texas,Jim Wells County,2022-04-01,93.87,18.4,23,9.2,10.5,40482,0.07978888543930457,2022-04-01,Texas,TX,Jim Wells County,64,75.7,0.6330248698669751,74
48249,Texas,Jim Wells County,2022-04-01,93.87,18.4,23,9.2,10.5,40482,0.07978888543930457,2022-04-01,Texas,TX,Jim Wells County,242.9539586919105,290.11402753872636,0.941873915558126,74
48251,Texas,Johnson County,2022-04-01,225.8,16.1,10.6,9.2,10.5,175817,0.018317292766221672,2022-04-01,Texas,TX,Johnson County,54,61.9,0.3684210526315789,74
48251,Texas,Johnson County,2022-04-01,225.8,16.1,10.6,9.2,10.5,175817,0.018317292766221672,2022-04-01,Texas,TX,Johnson County,277.99149766534254,317.28343438567146,0.9754193175245807,74
48253,Texas,Jones County,2022-04-01,204.15,13.9,14.3,9.2,10.5,20083,0.02049053089102763,2022-04-01,Texas,TX,Jones County,49.6,59.1,0.24349334875650666,74
48253,Texas,Jones County,2022-04-01,204.15,13.9,14.3,9.2,10.5,20083,0.02049053089102763,2022-04-01,Texas,TX,Jones County,265.31668696711324,315.1339829476249,0.9644303065355697,74
48255,Texas,Karnes County,2022-04-01,294.85,13.9,18.6,9.2,10.5,15601,0.01272896615957777,2022-04-01,Texas,TX,Karnes County,66.1,72.7,0.685078079814922,74
48255,Texas,Karnes County,2022-04-01,294.85,13.9,18.6,9.2,10.5,15601,0.01272896615957777,2022-04-01,Texas,TX,Karnes County,289.05557449710193,316.8428230480736,0.9838056680161943,74
48265,Texas,Kerr County,2022-04-01,87.45,15.9,13.3,9.2,10.5,52600,0.09158646383110836,2022-04-01,Texas,TX,Kerr County,56.8,66.9,0.44707923655292076,74
48265,Texas,Kerr County,2022-04-01,87.45,15.9,13.3,9.2,10.5,52600,0.09158646383110836,2022-04-01,Texas,TX,Kerr County,235.08525388795204,271.79126850290424,0.9352226720647774,74
48285,Texas,Lavaca County,2022-04-01,228.24,11.2,11.7,9.2,10.5,20154,0.018006830176963674,2022-04-01,Texas,TX,Lavaca County,48.1,53.2,0.20040485829959515,74
48285,Texas,Lavaca County,2022-04-01,228.24,11.2,11.7,9.2,10.5,20154,0.018006830176963674,2022-04-01,Texas,TX,Lavaca County,249.80337078651687,273.67977528089887,0.9502602660497398,74
48305,Texas,Lynn County,2022-04-01,789.78,17.5,18.9,9.2,10.5,5951,0.0024837007140639552,2022-04-01,Texas,TX,Lynn County,47.2,54,0.17582417582417584,74
48305,Texas,Lynn County,2022-04-01,789.78,17.5,18.9,9.2,10.5,5951,0.0024837007140639552,2022-04-01,Texas,TX,Lynn County,283.030303030303,319.8787878787879,0.9788895315211105,74
48309,Texas,McLennan County,2022-04-01,130.15,15.1,19.3,9.2,10.5,256623,0.04936355169202111,2022-04-01,Texas,TX,McLennan County,59.9,69,0.5263157894736842,74
48309,Texas,McLennan County,2022-04-01,130.15,15.1,19.3,9.2,10.5,256623,0.04936355169202111,2022-04-01,Texas,TX,McLennan County,271.9040166927491,310.9003651538863,0.9696356275303644,74
48329,Texas,Midland County,2022-04-01,268.05,17.5,9,9.2,10.5,176832,0.014281279105867743,2022-04-01,Texas,TX,Midland County,52.5,60.9,0.32041642567958356,74
48329,Texas,Midland County,2022-04-01,268.05,17.5,9,9.2,10.5,176832,0.014281279105867743,2022-04-01,Texas,TX,Midland County,331.88934353317916,384.5534602383918,0.993637941006362,74
48367,Texas,Parker County,2022-04-01,86.09,13.9,8.3,9.2,10.5,142878,0.09407016454517231,2022-04-01,Texas,TX,Parker County,62.8,70.5,0.5994794679005205,74
48367,Texas,Parker County,2022-04-01,86.09,13.9,8.3,9.2,10.5,142878,0.09407016454517231,2022-04-01,Texas,TX,Parker County,281.3217512767908,315.60522065563754,0.9777327935222672,74
48371,Texas,Pecos County,2022-04-01,94.8,20.3,12.3,9.2,10.5,15823,0.07854703508227259,2022-04-01,Texas,TX,Pecos County,67.6,75.7,0.7165991902834008,74
48371,Texas,Pecos County,2022-04-01,94.8,20.3,12.3,9.2,10.5,15823,0.07854703508227259,2022-04-01,Texas,TX,Pecos County,255.4886394744046,289.51546673966607,0.9560439560439561,74
48377,Texas,Presidio County,2022-04-01,179,30,33.4,9.2,10.5,6704,0.02390561937286557,2022-04-01,Texas,TX,Presidio County,95,95,0.91844997108155,74
48377,Texas,Presidio County,2022-04-01,179,30,33.4,9.2,10.5,6704,0.02390561937286557,2022-04-01,Texas,TX,Presidio County,235.60830860534122,296.25370919881306,0.9360902255639098,74
48389,Texas,Reeves County,2022-04-01,100.15,20.5,11.6,9.2,10.5,15976,0.07078547035082272,2022-04-01,Texas,TX,Reeves County,67.4,95,0.7122614227877386,74
48389,Texas,Reeves County,2022-04-01,100.15,20.5,11.6,9.2,10.5,15976,0.07078547035082272,2022-04-01,Texas,TX,Reeves County,380.8092948717949,840.3044871794872,0.996818970503181,74
48441,Texas,Taylor County,2022-04-01,110.12,13.5,15.6,9.2,10.5,138034,0.06302390561937286,2022-04-01,Texas,TX,Taylor County,59.9,69.2,0.5263157894736842,74
48441,Texas,Taylor County,2022-04-01,110.12,13.5,15.6,9.2,10.5,138034,0.06302390561937286,2022-04-01,Texas,TX,Taylor County,266.8504070556309,306.652815468114,0.9664545980335454,74
48445,Texas,Terry County,2022-04-01,462.02,22.4,15.7,9.2,10.5,12337,0.006209251785159888,2022-04-01,Texas,TX,Terry County,50.7,58.1,0.27559282822440717,74
48445,Texas,Terry County,2022-04-01,462.02,22.4,15.7,9.2,10.5,12337,0.006209251785159888,2022-04-01,Texas,TX,Terry County,273.9718614718615,313.8528138528139,0.9713707345286293,74
48455,Texas,Trinity County,2022-04-01,156.99,20.3,16.1,9.2,10.5,14651,0.03384042222912139,2022-04-01,Texas,TX,Trinity County,44.9,52.1,0.12984384037015617,74
48455,Texas,Trinity County,2022-04-01,156.99,20.3,16.1,9.2,10.5,14651,0.03384042222912139,2022-04-01,Texas,TX,Trinity County,248.84662080129502,285.59287737757995,0.9488143435511857,74
48477,Texas,Washington County,2022-04-01,119.84,11.6,13.9,9.2,10.5,35882,0.05495187829866501,2022-04-01,Texas,TX,Washington County,57.7,64.1,0.46934644303065354,74
48477,Texas,Washington County,2022-04-01,119.84,11.6,13.9,9.2,10.5,35882,0.05495187829866501,2022-04-01,Texas,TX,Washington County,234.5123670383186,260.6177111367423,0.9346443030653557,74
48485,Texas,Wichita County,2022-04-01,276.03,13.8,18.4,9.2,10.5,132230,0.013660353927351754,2022-04-01,Texas,TX,Wichita County,61.1,69.3,0.556390977443609,74
48485,Texas,Wichita County,2022-04-01,276.03,13.8,18.4,9.2,10.5,132230,0.013660353927351754,2022-04-01,Texas,TX,Wichita County,249.40814693121024,280.8079531572518,0.9496818970503181,74
48493,Texas,Wilson County,2022-04-01,123.36,14.3,10.5,9.2,10.5,51070,0.05215771499534306,2022-04-01,Texas,TX,Wilson County,61.8,70.1,0.575187969924812,74
48493,Texas,Wilson County,2022-04-01,123.36,14.3,10.5,9.2,10.5,51070,0.05215771499534306,2022-04-01,Texas,TX,Wilson County,267.0395074397127,302.1139045664443,0.9667437825332562,74
48501,Texas,Yoakum County,2022-04-01,1331.34,22.4,9,9.2,10.5,8713,0.0012418503570319776,2022-04-01,Texas,TX,Yoakum County,50.8,59.7,0.2776171197223829,74
48501,Texas,Yoakum County,2022-04-01,1331.34,22.4,9,9.2,10.5,8713,0.0012418503570319776,2022-04-01,Texas,TX,Yoakum County,315.09090909090907,370.7272727272727,0.9910352805089647,74
50001,Vermont,Addison County,2022-04-01,141.39,4.3,7.7,9.2,10.5,36777,0.04160198696057125,2022-04-01,Vermont,VT,Addison County,74.9,84.2,0.8111625216888375,74
50005,Vermont,Caledonia County,2022-04-01,160.04,5.2,12.3,9.2,10.5,29993,0.030425333747283453,2022-04-01,Vermont,VT,Caledonia County,39.4,46,0.05002891844997108,74
50007,Vermont,Chittenden County,2022-04-01,191.73,3.3,11.8,9.2,10.5,163774,0.022042843837317604,2022-04-01,Vermont,VT,Chittenden County,78.1,88.7,0.8421052631578947,74
50009,Vermont,Essex County,2022-04-01,162.26,4.6,14.6,9.2,10.5,6163,0.02949394597950947,2022-04-01,Vermont,VT,Essex County,43.6,59.4,0.1064198958935801,74
50011,Vermont,Franklin County,2022-04-01,176.11,3.4,7.7,9.2,10.5,49402,0.02452654455138156,2022-04-01,Vermont,VT,Franklin County,41,46,0.0691150954308849,74
50019,Vermont,Orleans County,2022-04-01,144.25,4.2,14,9.2,10.5,27037,0.04036013660353927,2022-04-01,Vermont,VT,Orleans County,64.4,72.4,0.6417004048582996,74
50021,Vermont,Rutland County,2022-04-01,130.6,4.9,10.7,9.2,10.5,58191,0.04905308910276312,2022-04-01,Vermont,VT,Rutland County,75.1,85.4,0.813475997686524,74
50023,Vermont,Washington County,2022-04-01,261.95,3.1,11.4,9.2,10.5,58409,0.014902204284383732,2022-04-01,Vermont,VT,Washington County,50,56.5,0.2541931752458068,74
50027,Vermont,Windsor County,2022-04-01,148.92,4.7,10,9.2,10.5,55062,0.03787643588947532,2022-04-01,Vermont,VT,Windsor County,53.5,68.4,0.3528050896471949,74
51003,Virginia,Albemarle County,2022-04-01,424.4,7.3,9.8,9.2,10.5,109330,0.007140639552933871,2022-04-01,Virginia,VA,Albemarle County,71.3,81.9,0.7706766917293233,74
51510,Virginia,Alexandria City,2022-04-01,89.7,12.4,10.6,9.2,10.5,159428,0.08755045017075443,2022-04-01,Virginia,VA,Alexandria City,70.4,87,0.758530942741469,74
51013,Virginia,Arlington County,2022-04-01,135.11,6.6,7.2,9.2,10.5,236842,0.04594846321018317,2022-04-01,Virginia,VA,Arlington County,79.8,95,0.8551185656448814,74
51029,Virginia,Buckingham County,2022-04-01,163.28,12.1,17.1,9.2,10.5,17148,0.02887302080099348,2022-04-01,Virginia,VA,Buckingham County,43.8,50.7,0.11046847888953153,74
51031,Virginia,Campbell County,2022-04-01,273.3,9.8,11.8,9.2,10.5,54885,0.013970816516609749,2022-04-01,Virginia,VA,Campbell County,45.3,50.7,0.13851937536148062,74
51037,Virginia,Charlotte County,2022-04-01,92.59,13.6,24.1,9.2,10.5,11880,0.08258304874262651,2022-04-01,Virginia,VA,Charlotte County,44,50.1,0.11364950838635049,74
51041,Virginia,Chesterfield County,2022-04-01,111.11,7.6,7.1,9.2,10.5,352802,0.06209251785159888,2022-04-01,Virginia,VA,Chesterfield County,64.5,73.9,0.64574898785425106,74
51580,Virginia,Covington City,2022-04-01,1354.28,12,15.2,9.2,10.5,5538,9.313877677739833e-4,2022-04-01,Virginia,VA,Covington City,39.1,47.2,0.04569115095430885,74
51610,Virginia,Falls Church City,2022-04-01,150.51,2.6,2.7,9.2,10.5,14617,0.03694504812170134,2022-04-01,Virginia,VA,Falls Church City,65,77.5,0.6596298438403702,74
51065,Virginia,Fluvanna County,2022-04-01,88.01,7.2,4.9,9.2,10.5,27270,0.09034461347407638,2022-04-01,Virginia,VA,Fluvanna County,68.6,77.3,0.7325043377674957,74
51089,Virginia,Henry County,2022-04-01,90.99,11.6,20.3,9.2,10.5,50557,0.08475628686743247,2022-04-01,Virginia,VA,Henry County,44.1,50.6,0.11538461538461539,74
51109,Virginia,Louisa County,2022-04-01,140.99,11,12.3,9.2,10.5,37591,0.04222291213908724,2022-04-01,Virginia,VA,Louisa County,47.3,53.4,0.18016194331983806,74
51113,Virginia,Madison County,2022-04-01,211.15,12.6,8.3,9.2,10.5,13261,0.019869605712511642,2022-04-01,Virginia,VA,Madison County,61.5,69.6,0.5668016194331984,74
51683,Virginia,Manassas City,2022-04-01,85.19,15.6,8.6,9.2,10.5,41085,0.09624340266997827,2022-04-01,Virginia,VA,Manassas City,58.8,71,0.49537304800462695,74
51690,Virginia,Martinsville City,2022-04-01,159.31,13.2,25.5,9.2,10.5,12554,0.03135672151505744,2022-04-01,Virginia,VA,Martinsville City,47.4,55.3,0.18189705031810294,74
51135,Virginia,Nottoway County,2022-04-01,144.43,11.5,20.2,9.2,10.5,15232,0.04004967401428128,2022-04-01,Virginia,VA,Nottoway County,48.9,54,0.22238288027761713,74
51145,Virginia,Powhatan County,2022-04-01,249.56,6.3,5.3,9.2,10.5,29652,0.016454517230673704,2022-04-01,Virginia,VA,Powhatan County,43.6,49.6,0.1064198958935801,74
51147,Virginia,Prince Edward County,2022-04-01,118.41,9.3,19.9,9.2,10.5,22802,0.05619372865569699,2022-04-01,Virginia,VA,Prince Edward County,34.3,39.6,0.01735106998264893,74
51149,Virginia,Prince George County,2022-04-01,414.57,7.3,9.3,9.2,10.5,38353,0.007451102142191866,2022-04-01,Virginia,VA,Prince George County,58.7,70.4,0.4910352805089647,74
51157,Virginia,Rappahannock County,2022-04-01,230.66,13.3,8.9,9.2,10.5,7370,0.017385904998447686,2022-04-01,Virginia,VA,Rappahannock County,56.8,69.5,0.44707923655292076,74
51770,Virginia,Roanoke City,2022-04-01,89.77,12.5,20.5,9.2,10.5,99143,0.08692952499223844,2022-04-01,Virginia,VA,Roanoke City,48.1,56.6,0.20040485829959515,74
51775,Virginia,Salem City,2022-04-01,94.86,6.9,9.1,9.2,10.5,25301,0.07792610990375659,2022-04-01,Virginia,VA,Salem City,53.2,58.4,0.34268363215731634,74
51177,Virginia,Spotsylvania County,2022-04-01,88.83,8.2,8,9.2,10.5,136215,0.08941322570630239,2022-04-01,Virginia,VA,Spotsylvania County,51.7,61.3,0.3001735106998265,74
51185,Virginia,Tazewell County,2022-04-01,93.61,10.6,16.1,9.2,10.5,40595,0.08040981061782056,2022-04-01,Virginia,VA,Tazewell County,48.8,57.4,0.2183342972816657,74
53015,Washington,Cowlitz County,2022-04-01,99.46,5.8,16,9.2,10.5,110593,0.0720273207078547,2022-04-01,Washington,WA,Cowlitz County,67.5,73.8,0.7142857142857143,74
53033,Washington,King County,2022-04-01,84.21,5.7,9.5,9.2,10.5,2252782,0.0996584911518162,2022-04-01,Washington,WA,King County,88.3,95,0.9054366685945633,74
53037,Washington,Kittitas County,2022-04-01,89.7,6.8,19,9.2,10.5,47935,0.08755045017075443,2022-04-01,Washington,WA,Kittitas County,59,66.4,0.4997108155002892,74
54059,West Virginia,Mingo County,2022-04-01,85.38,4.5,28.7,9.2,10.5,23424,0.09531201490220428,2022-04-01,West Virginia,WV,Mingo County,46.8,56.8,0.16685945633314053,74
55011,Wisconsin,Buffalo County,2022-04-01,138.13,5.4,9.4,9.2,10.5,13031,0.0443961502638932,2022-04-01,Wisconsin,WI,Buffalo County,56,60.6,0.42220936957779065,74
55025,Wisconsin,Dane County,2022-04-01,117.07,4.3,11.9,9.2,10.5,546695,0.05774604160198696,2022-04-01,Wisconsin,WI,Dane County,89.4,95,0.9091960670908039,74
55049,Wisconsin,Iowa County,2022-04-01,84.47,4.4,7.7,9.2,10.5,23678,0.09841664079478422,2022-04-01,Wisconsin,WI,Iowa County,76.5,81.2,0.8267784846732216,74
55105,Wisconsin,Rock County,2022-04-01,89.38,6.2,13.6,9.2,10.5,163354,0.08817137534927041,2022-04-01,Wisconsin,WI,Rock County,78,85.4,0.841816078658184,74
55109,Wisconsin,St. Croix County,2022-04-01,91.52,4.3,4.5,9.2,10.5,90687,0.0835144365104005,2022-04-01,Wisconsin,WI,St. Croix County,56.4,65,0.43609022556390975,74
56039,Wyoming,Teton County,2022-04-01,98.02,10,7.1,9.2,10.5,23464,0.07420055883266066,2022-04-01,Wyoming,WY,Teton County,95,95,0.91844997108155,74
